arch,seed,epoch,train_loss,val_loss,train_dice,val_dice,minutes
unet,42,1,0.8262828026360612,0.5971983243834298,0.7666818499565125,0.846211850643158,0.0975851893424987
unet,42,2,0.4784447378743954,0.4201605140038256,0.8732849359512329,0.8824615478515625,0.1782571236292521
unet,42,3,0.3339916978909717,0.2926278879057686,0.9047104716300964,0.9148292541503906,0.2562633117039998
unet,42,4,0.2453620242394082,0.2331623592466678,0.9275299906730652,0.9305014610290528,0.3360261599222819
unet,42,5,0.2051325920151501,0.2003282707817149,0.9369022250175476,0.937567412853241,0.4153186400731404
unet,42,6,0.1877463198289638,0.1927295071336458,0.9401024580001832,0.938247561454773,0.4939413905143738
unet,42,7,0.1646198332309723,0.1690932948072001,0.9468936324119568,0.9454286694526672,0.5718061963717143
unet,42,8,0.1775760986213761,0.1895627747729139,0.9411181807518004,0.9364953637123108,0.6499821623166402
unet,42,9,0.1475315439264948,0.1563960413606661,0.9506952166557312,0.9484525918960572,0.7296318491299947
unet,42,10,0.1382876669730597,0.1544221535606204,0.9534048438072203,0.9476487040519714,0.8086725115776062
unet,42,11,0.1297200768580281,0.145723745367437,0.9558173418045044,0.9508000016212464,0.8870624820391337
unet,42,12,0.139489119615012,0.1675812112835218,0.952102541923523,0.9410711526870728,0.9657742937405904
unet,42,13,0.1274460849117457,0.1436729381950396,0.9559216499328612,0.9508256912231444,1.0451422492663065
unet,42,14,0.1229929412768139,0.1418825461054748,0.9572991132736206,0.9514860510826112,1.1248653650283813
unet,42,15,0.1237500816341338,0.156493271859187,0.9561305642127992,0.945176124572754,1.2030875007311503
unet,42,16,0.1310947438081105,0.1369375538713527,0.9537740349769592,0.9525514841079712,1.2802039623260495
unet,42,17,0.1133665067514752,0.13301161268972,0.9594677090644836,0.9535619020462036,1.3581478993097942
unet,42,18,0.1152575006329916,0.134466825369394,0.9587311148643494,0.9529845118522644,1.4332731167475383
unet,42,19,0.1136765347990563,0.1376579521961932,0.9593363404273988,0.9517905712127686,1.511214256286621
unet,42,20,0.1107684636745995,0.1297592973371721,0.960519790649414,0.9546425938606262,1.5889201998710631
unet,42,21,0.1082032550641191,0.1342411994371774,0.96097594499588,0.9534968733787536,1.6663756728172303
unet,42,22,0.1587776326067079,0.1408784960238438,0.9437825083732604,0.9513896703720092,1.7443370938301086
unet,42,23,0.132860668730445,0.1399191147032773,0.9525101780891418,0.9516202807426452,1.8226610938707988
unet,42,24,0.1148820925897699,0.1393800729288245,0.9584779143333436,0.9518872499465942,1.900363771120707
unet,42,25,0.1130184589968464,0.1269067410590513,0.959347367286682,0.9557411074638368,1.9782108426094056
unet,42,26,0.1141589770956737,0.1277613046596635,0.958946168422699,0.954913854598999,2.0564650257428485
unet,42,27,0.1072306270764126,0.1313069760799408,0.9613413214683532,0.9532325267791748,2.1335105617841084
unet,42,28,0.1041280544264529,0.1237359011791787,0.962213933467865,0.9564154744148254,2.212913827101389
unet,42,29,0.1021281506230191,0.1256360775738392,0.9627741575241088,0.9553871154785156,2.293039242426554
unet,42,30,0.1027734685477202,0.1231050224236722,0.9629990458488464,0.9566819071769714,2.3680686195691427
unet,42,31,0.1041541338209214,0.1257515683207871,0.962100088596344,0.9558693766593932,2.445000982284546
unet,42,32,0.1003870914379755,0.1206398185975146,0.9636030793190002,0.957206964492798,2.5243857940038046
unet,42,33,0.1007976769431819,0.1234810360760059,0.9631162881851196,0.9566890597343444,2.602604913711548
unet,42,34,0.1003043497117554,0.1213324255538436,0.9631527662277222,0.957079827785492,2.6849215269088744
unet,42,35,0.1000075663735226,0.1269848380448683,0.9632639288902284,0.954966127872467,2.774045741558075
unet,42,36,0.0989498632346711,0.1233440447809561,0.9633467197418212,0.9562285542488098,2.859037458896637
unet,42,37,0.1002007114087663,0.1270776185786949,0.9633377194404602,0.9557449221611024,2.943022620677948
unet,42,38,0.0986379532794642,0.1295452213512276,0.9637139439582824,0.954983115196228,3.0196274797121685
unet,42,39,0.1010569329184245,0.1252673369533611,0.9631338119506836,0.95572692155838,3.088049670060476
unet,42,40,0.0961166474877334,0.1208022901753209,0.9646182656288148,0.9575217366218568,3.156260172526041
unet,42,41,0.0963172003990266,0.1213031748555741,0.9647926688194276,0.9577145576477052,3.2261786500612897
unet,42,42,0.0956628636979475,0.1215895384831248,0.9646787643432616,0.957794189453125,3.295928593476613
unet,42,43,0.0953511560593194,0.1189973763418647,0.964714765548706,0.9577983617782592,3.3638466874758404
unet,42,44,0.0950972963033652,0.1230077940338062,0.9648470282554626,0.9570979475975036,3.431491696834564
unet,42,45,0.0947422097490085,0.1255166808951575,0.9650228023529052,0.956032931804657,3.49991473754247
unet,42,46,0.0945581907663888,0.1217078836459033,0.9650536179542542,0.9577138423919678,3.5682873209317525
unet,42,47,0.1196302981153736,0.1837450549849924,0.9572397470474244,0.937374472618103,3.6365626096725454
unet,42,48,0.1355081393830175,0.1372590697598907,0.9511097073554992,0.9515292048454284,3.706144893169403
unet,42,49,0.1082542801533288,0.1267830304942041,0.9604834318161012,0.9558087587356568,3.774685259660085
unet,42,50,0.1081429463091904,0.1316954254541757,0.9602195024490356,0.954595148563385,3.84421755472819
unet,42,51,0.1059767009039235,0.1264544683244993,0.9614322781562804,0.9563979506492616,3.912211322784424
unet,42,52,0.0996458641881865,0.124813436337237,0.9633154273033142,0.9564913511276244,3.97995267311732
unet,42,53,0.0981987951005377,0.1214750372576263,0.9641199111938475,0.9572815895080566,4.047992769877116
unet,43,1,0.9056229727055,0.6529302597045898,0.7248988747596741,0.8228309154510498,0.0772245009740193
unet,43,2,0.5007533915643769,0.423006293908605,0.8713922500610352,0.8793033957481384,0.1452040831247965
unet,43,3,0.3431708022830932,0.2981478633745661,0.9057596325874328,0.9150433540344238,0.2138925035794576
unet,43,4,0.2578744260760827,0.2698543296670014,0.9260380268096924,0.9164999723434448,0.2820870836575826
unet,43,5,0.2124333869877869,0.2047864867831176,0.9362813830375672,0.9380441904067992,0.3544793566068013
unet,43,6,0.1779651891409866,0.1883776511223811,0.9450048804283142,0.9396002888679504,0.4221090197563171
unet,43,7,0.1778689737363559,0.1811494028793191,0.9426156878471376,0.9402710795402528,0.4912824432055155
unet,43,8,0.153104283339609,0.1765858300451962,0.9499757289886476,0.9429755210876464,0.5596460739771525
unet,43,9,0.1656555440125426,0.184913436759193,0.9439920783042908,0.9372590184211732,0.6272890130678813
unet,43,10,0.1436404148495294,0.1519935808654101,0.9517236948013306,0.9494799375534058,0.6971349557240804
unet,43,11,0.1501560386845736,0.1691363574761265,0.9481379389762878,0.9415419101715088,0.7674239675203959
unet,43,12,0.1299204889351759,0.1699362838605664,0.9552053809165956,0.9401367902755736,0.8364701628684997
unet,43,13,0.1349289962431279,0.1477739071508623,0.9528142213821412,0.9495256543159484,0.907397456963857
unet,43,14,0.1341267779348342,0.1441394973475978,0.9533511996269226,0.9517983198165894,0.9752016226450604
unet,43,15,0.1223778755563061,0.1418802608858864,0.957020938396454,0.9509647488594056,1.0449999173482258
unet,43,16,0.1196859612818656,0.1410687938332557,0.9574761390686036,0.9507235884666444,1.1143426656723023
unet,43,17,0.1138603253577782,0.1343118766287587,0.959592878818512,0.9539982676506042,1.1827045798301696
unet,43,18,0.1130089664725753,0.1307257818725873,0.959619402885437,0.9554975032806396,1.2519207994143169
unet,43,19,0.1124513087476172,0.1312855594563034,0.9599459171295166,0.9544404745101928,1.320431657632192
unet,43,20,0.1202596817317047,0.198981965487858,0.9569694995880128,0.929353654384613,1.396212633450826
unet,43,21,0.17458899494836,0.1548745249802211,0.9380837678909302,0.9444618821144104,1.471260948975881
unet,43,22,0.1250707583456504,0.1359925354426761,0.9553788304328918,0.9526966214179992,1.5404526670773824
unet,43,23,0.1132454373003021,0.1334084446700114,0.9593615531921388,0.9534465074539183,1.6088610847791036
unet,43,24,0.1120215934829983,0.1317275669777168,0.9596439599990844,0.9543197751045228,1.6771990458170574
unet,43,25,0.1112196648387404,0.1360378962642741,0.959647297859192,0.952131688594818,1.7438751697540282
unet,43,26,0.1079624130473873,0.1294166724074561,0.9610270261764526,0.9548922777175904,1.8121776461601256
unet,43,27,0.1056629815479604,0.1269606894479607,0.9616724252700806,0.955050766468048,1.8823359767595929
unet,43,28,0.1053965229813645,0.1423492825256203,0.9614105820655824,0.949286699295044,1.9502819617589315
unet,44,1,0.8034736024654978,0.5268012690094283,0.7569737434387207,0.857122004032135,0.07763651609420777
unet,44,2,0.4567389347688939,0.3989272893599744,0.870315670967102,0.8799115419387817,0.14609018564224244
unet,44,3,0.3485898551175265,0.2797758815423498,0.8936876654624939,0.9175604581832886,0.2141007701555888
unet,44,4,0.25378784416167716,0.2272457592892197,0.9232149124145508,0.9304232597351074,0.2835138241449992
unet,44,5,0.2145049735540297,0.21919883843862786,0.9325973391532898,0.9284222722053528,0.3512462059656779
unet,44,6,0.185678881358325,0.18036440858301125,0.9402862787246704,0.9432604908943176,0.4196271538734436
unet,44,7,0.16851371490373845,0.17957545226474977,0.9445439577102661,0.9412301182746887,0.4878877321879069
unet,44,8,0.15929567704840406,0.1636183205640541,0.9471321702003479,0.9456502199172974,0.5567360242207845
unet,44,9,0.17979054764761188,0.16523876983039784,0.9377169609069824,0.9447154402732849,0.625142236550649
unet,44,10,0.14561937846303954,0.15131838535362818,0.9510775804519653,0.9495049715042114,0.6935216546058655
unet,44,11,0.13323887207401477,0.14690042666669162,0.9541757106781006,0.9498732089996338,0.7625646630922953
unet,44,12,0.12566393541126716,0.1495501716744225,0.9567953944206238,0.9486451148986816,0.8316760420799255
unet,44,13,0.12713096333228477,0.14456365918213465,0.9553874731063843,0.9504132270812988,0.9007972518603007
unet,44,14,0.12214877183844404,0.13587232904051835,0.9573262333869934,0.9534797072410583,0.9686459302902222
unet,44,15,0.11993297540802296,0.1390593390700952,0.9579066038131714,0.9530420899391174,1.0372228384017945
unet,44,16,0.11800515621415968,0.15929662169150585,0.9580779075622559,0.9448221325874329,1.1141954382260641
unet,44,17,0.12470551077427904,0.13862928410746017,0.9553475975990295,0.9531269669532776,1.1818645199139912
unet,44,18,0.11337454053686886,0.1287297101796798,0.9596392512321472,0.9563339352607727,1.263544511795044
unet,44,19,0.11090644455052973,0.14039515380589468,0.9605448246002197,0.9526383876800537,1.3447792847951254
unet,44,20,0.1317368813646518,0.14500601224179538,0.9529953002929688,0.9497278332710266,1.419865906238556
unet,44,21,0.12031316902579331,0.1319483681669775,0.9570575952529907,0.9548683762550354,1.4911691268285117
unet,44,22,0.11369439147836793,0.12834656674344586,0.9590872526168823,0.955585241317749,1.5691770633061728
unet,44,23,0.11073121864621233,0.12469623940733243,0.9601185917854309,0.9571052193641663,1.647590665022532
unet,44,24,0.1083810262200309,0.1284710669292594,0.9610499739646912,0.9555656909942627,1.723830509185791
unet,44,25,0.10716038724271262,0.1288854977432287,0.961107075214386,0.956283450126648,1.8025615851084391
unet,44,26,0.1036271996856705,0.1281239463473266,0.9623159170150757,0.9548561573028564,1.881756556034088
unet,44,27,0.10394692602680951,0.12205996898547658,0.9624137282371521,0.95738285779953,1.9584787845611573
unet,44,28,0.10241210545466198,0.12382772311849415,0.9624906778335571,0.9567841291427612,2.0366156816482546
unet,44,29,0.10268565333955657,0.12144228197493644,0.9627104997634888,0.9576467871665955,2.1155051668485005
unet,44,30,0.14337033972265276,0.15030995854791604,0.9482672214508057,0.948703408241272,2.193374796708425
unet,44,31,0.12121715287609798,0.14776387220283724,0.9564641714096069,0.9479184150695801,2.2714319785435992
unet,44,32,0.10863426460967801,0.12943005210386133,0.9606267809867859,0.9562253355979919,2.3485717097918193
unet,44,33,0.11009416214334286,0.12770670989774308,0.9601710438728333,0.9551801681518555,2.426400291919708
unet,44,34,0.1020338906020653,0.1244683787226677,0.9625799655914307,0.9568515419960022,2.5061223189036053
unet,44,35,0.10425059376208763,0.12346165402317946,0.9618518948554993,0.9573472738265991,2.5846282998720804
unet,44,36,0.10038220373595633,0.1241088404126887,0.9633853435516357,0.9563300013542175,2.66318736076355
unet,44,37,0.10013882282788192,0.12203856374857561,0.963337242603302,0.9572978019714355,2.740867916742961
unet,44,38,0.09906391187654279,0.11881922157305591,0.9636930227279663,0.9581841230392456,2.8179810603459674
unet,44,39,0.09801622946572498,0.12260660754059846,0.9641336798667908,0.957040011882782,2.8952864011128745
unet,44,40,0.10126304305423565,0.12067933268142196,0.9629027843475342,0.9573779106140137,2.978967781861623
unet,44,41,0.09652116373787081,0.1188406471936208,0.9645346999168396,0.9584018588066101,3.059168589115143
unet,44,42,0.09573187448871814,0.1176470991856647,0.9644380211830139,0.958853006362915,3.1366585652033487
unet,44,43,0.0962469403942426,0.1187282014849051,0.9645630121231079,0.9580415487289429,3.214277517795563
unet,44,44,0.09509265677231114,0.11938752993097845,0.9649900197982788,0.9583884477615356,3.2929620782534283
unet,44,45,0.09481317483312715,0.11904962880993789,0.9650252461433411,0.9577908515930176,3.3722341775894167
unet,44,46,0.09614136536431507,0.12624130819766027,0.9645369648933411,0.9566660523414612,3.451875861485799
unet,44,47,0.09545282292656782,0.11745154899808596,0.9643628597259521,0.9585407972335815,3.531762186686198
unet,44,48,0.09435746461395325,0.11840073384766309,0.9651066660881042,0.9582735300064087,3.611090095837911
unet,44,49,0.09444851646336114,0.11627049505148294,0.9650999903678894,0.9592695236206055,3.690664486090342
unet,44,50,0.0943014318259751,0.11957208784121387,0.9650747179985046,0.9584089517593384,3.7701183875401814
unet,44,51,0.09428728480891484,0.11755515353859596,0.96534264087677,0.9577947854995728,3.8485190669695535
unet,44,52,0.09238627207715337,0.11966282340153209,0.9657858610153198,0.9584603309631348,3.927049728234609
unet,44,53,0.09183799638980772,0.11575875501587705,0.965900182723999,0.9589917063713074,4.0057464957237245
unet,44,54,0.09281933180442671,0.11763600274077002,0.9656416773796082,0.9580563902854919,4.084490009148916
unet,44,55,0.09243093328020437,0.11656268573594543,0.9657130241394043,0.9588833451271057,4.161898465951284
unet,44,56,0.09020209748570512,0.11726725551317323,0.9665003418922424,0.9588589668273926,4.241410422325134
unet,44,57,0.09174037924626978,0.11655743279547062,0.9657355546951294,0.9583921432495117,4.320186471939087
unet,44,58,0.09126356286488897,0.12156100852309533,0.9664456844329834,0.957992434501648,4.398366725444793
unet,44,59,0.08993284804065053,0.11721340538758152,0.9666281342506409,0.9586989283561707,4.474551788965861
